﻿序號,知識點名稱,大分類名稱,細部內容,課綱學習內容
1,觀察已知數列(圖形)的規律(非等差或等比),1-1 等差數列,,"(N-8-3) 認識數列：
生活中常見的數列及其規律性(包括圖形的規律性)。
(N-8-4) 等差數列：
等差數列；給定首項、公差計算等差數列的一般項。"
2,等差數列的基本觀念,1-1 等差數列,,"(N-8-3) 認識數列：
生活中常見的數列及其規律性(包括圖形的規律性)。
(N-8-4) 等差數列：
等差數列；給定首項、公差計算等差數列的一般項。"