﻿知識點標題,2021/5/31
【觀念】測量時間的工具,60013.59
【暖身】生活中的電流熱效應,8484.7
【觀念討論】圖表解讀,12071.15
【觀念討論】電鍍的應用,13217.04
【觀念】單擺,16075.71
【觀念】電路中的電能,3116.56
【觀念】路徑長與位移,23612.68
【觀念】電功率,6508.32
【觀念】直流電與交流電,11840.62
【觀念】速度與速率,16476.84
【觀念】等速度運動,15033.49
【觀念討論】節能用電,9413.2
【觀念】加速度運動,16295.28
【觀念討論】安全用電與電器規格,6093.68
【觀念】伏打電池與鋅銅電池的介紹,13624.9
【觀念】等加速度運動,11476.55
【觀念】常見的電池,5489
【觀念】自由落體,14800.59
【觀念討論】生活中的加速度運動,6749.28
【觀念】電解與電鍍,6760.82
【觀念】牛頓第一運動定律,14008.54
【觀念】磁鐵與磁性,220390.32
【觀念】牛頓力學,8885.2
【觀念】發電機原理,34113.59
【觀念】牛頓第二運動定律,16184.88
【觀念】磁力線與地球磁場,118902.26
【觀念討論】滑車實驗,9425.04
【觀念】電流磁效應,132804.1
【觀念】安培右手定則,99360.91
【解題】牛頓第二運動定律,8317.86
【觀念】牛頓第三運動定律,7800.06
【觀念討論】電磁與地磁,54655.29
【解題】牛頓第三運動定律,4282.96
【觀念】電磁鐵的應用,50348.1
【觀念】圓周運動,7779.53
【觀念】電流與磁場的交互作用與右手開掌定則,46526.15
【觀念】萬有引力,8415.52
【觀念】電動機原理,41231.41
【觀念討論】萬有引力與圓周運動,4746.72
【觀念】電磁感應與感應電流,30101.34
【觀念】功的基本概念,12646.64
【觀念】生活中的能源,17455.02
【觀念】功、功率與能量,10318.32
【觀念討論】功與能量守恆,13416
【觀念】動能與位能,18743.4
【觀念】力學能守恆,8499.32
【觀念】力矩與轉動,5097.6
【觀念】槓桿原理,13292.37
【觀念】簡單機械Ｉ,14315.99
【觀念】簡單機械II,11020.28
【暖身】何謂靜電,7555.68
【觀念討論】並聯電路中電流與電壓,2685.79
【觀念】摩擦起電與靜電作用力,20722.92
【觀念】靜電感應與感應起電,8210.06
【觀念】直流電路,11208
【觀念】串聯與並聯,12531.75
【觀念】電流,10270
【觀念】電壓,16115.11
【觀念】電阻與歐姆定律,6033.52
【觀念討論】串聯電路中電流與電壓,9506.24
【延伸】二元一次聯立方程式的圖形：無解、無限多解,4221.8
【延伸】人體內的物質運輸與代謝,10642.84
【延伸】人體的血液循環,2504.28
【延伸】保持行車安全距離的重要性,9581.89
【延伸】分配問題,9906.06
【延伸】植物的感應,8992.48
【延伸】科學方法的應用範例,17096.34
【延伸】系統與尺度,12511.86
【延伸】養分的旅行-生物體內與生物體間養分的轉換與傳遞,1521.63
【應用】買賣問題,5079.34
【應用】邊長問題,7055.51
【應用】面積問題,5777.88
【暖身】Uber Eat、黑貓宅急便?-生物體內養分和廢物的運送,10327.31
【暖身】一起進入物質的世界,4220.27
【暖身】人體內的智能分工,9920.18
【暖身】什麼是客觀？,13649.79
【暖身】內分泌的生活現象,14035.98
【暖身】奇妙的生命世界,88760.73
【暖身】好吃的食物,21576.31
【暖身】恆定性,13506.87
【暖身】溫度與熱,2127.24
【暖身】無所不在的波動,4500.17
【暖身】物質的秘密,6019.38
【暖身】神奇的光,3165.98
【暖身】細胞的發現,27716.8
【觀念】(a+b)(a-b) = a^2-b^2,12020.97
【觀念】(a+b)(c+d)=ac+ad+bc+bd,81544.32
【觀念】(a+b)^2=a^2+2ab+b^2,20922.92
【觀念】(a-b)^2=a^2-2ab+b^2,11640.56
【觀念】一元一次不等式的應用(1),62176.77
【觀念】一元一次不等式的應用(2),68390.52
【觀念】一元一次不等式的解與圖示,214231.56
【觀念】一元一次方程式及其解的意義,5077.08
【觀念】一元二次方程式及其解的意義,11929.06
【觀念】一元二次方程式的公式解,4570.37
【觀念】二元一次式的化簡,9154.46
【觀念】二元一次方程式解的圖形：ax+by=c,12521.4
【觀念】二元一次方程式解的圖形：通過的象限、鉛垂線、水平線,8786.04
【觀念】二元一次聯立方程式及解的意義,6123.46
【觀念】二元一次聯立方程式圖形應用,6560.84
【觀念】二元一次聯立方程式的圖形,5663.9
【觀念】二次方根的近似值：十分逼近法,5953.15
【觀念】二次方根的近似值：查表法、計算機用法,6373.64
【觀念】二次項係數不為1的十字交乘法,12039.16
【觀念】二次項係數為1的十字交乘法,8952.6
【觀念】人體內的淋巴循環,7704.32
【觀念】人體內的血液循環,2982.9
【觀念】人體的內分泌系統,53121.77
【觀念】人體的呼吸系統與呼吸運動,13606.02
【觀念】人體的消化作用,1862.63
【觀念】人體的消化系統,5862.04
【觀念】人體的神經系統1,3385
【觀念】人體的神經系統2,9528.48
【觀念】人體的神經系統3,8767.85
【觀念】人體的防禦作用,7707.04
【觀念】代入消去法,10883.83
【觀念】代數式的名詞認識,4199.31
【觀念】以符號列代數式,20726.73
【觀念】依據點坐標的性質符號判別象限,6662.52
【觀念】元素的分類與性質,6941.7
【觀念】元素符號和中文命名,4352.67
【觀念】元素與化合物,7277.4
【觀念】元素週期表,7455.84
【觀念】光合作用,10172.96
【觀念】光的反射,4297.68
【觀念】光的折射,7912.92
【觀念】光的直進與光速,6565.21
【觀念】兩點距離公式與應用,4300.95
【觀念】公倍數與最小公倍數,3870.96
【觀念】公因數與最大公因數,3140.84
【觀念】分子與化學式,6310.98
【觀念】分數的乘法,2291.94
【觀念】分數的加減,2687.58
【觀念】分數的除法,1300.5
【觀念】分組提公因式法,9166.41
【觀念】列二元一次方程式,6385.2
【觀念】列出二元一次式及其值,13881.88
【觀念】列聯表,13243.2
【觀念】判別 3的倍數,7103.25
【觀念】判別5、2、4的因數,8023.5
【觀念】判別點坐標的象限,7064.98
【觀念】判斷不等式的解,169069.78
【觀念】利用係數的特性做二次項係數不為1的十字交乘法,11646.6
【觀念】利用係數的特性做二次項係數為1的十字交乘法,11571.66
【觀念】利用和與差的平方公式因式分解 (1),10069.15
【觀念】利用和與差的平方公式因式分解 (2),10086.44
【觀念】利用平方差公式因式分解 (1),8490.24
【觀念】利用平方差公式因式分解 (2),14823
【觀念】利用平方根概念解一元二次方程式,9086.33
【觀念】利用除法做因式分解,9901.2
【觀念】加減消去法,5211.81
【觀念】動植物的呼吸構造,7069.32
【觀念】動物循環系統的組成-心臟、血管,5773.95
【觀念】動物循環系統的組成-血液,5958.15
【觀念】化簡方程式後再求解,4307.87
【觀念】原子的結構,4070.99
【觀念】原子說,5320.92
【觀念】反比,31068.96
【觀念】反比的應用,12515.14
【觀念】合理性驗證,3453.03
【觀念】呼吸作用,8829.26
【觀念】因式分解法解一元二次方程式,5928.98
【觀念】因式與倍式,12236.58
【觀念】因數與倍數,11305.04
【觀念】圓形圖,56083.82
【觀念】坐標平面上的點,12152.79
【觀念】多項式的乘法,2666.62
【觀念】多項式的加法,4611.09
【觀念】多項式的減法,1176.13
【觀念】多項式的除法：二次式除以單項式、一次式,7048.56
【觀念】多項式的除法：缺項補零、商式係數為分數,3021.72
【觀念】多項式的除法：關係與綜合應用,1517.04
【觀念】密度的測量,5571.36
【觀念】實驗室安全,15596.24
【觀念】將具體情境列成一元一次不等式,215649.72
【觀念】已分組資料求中位數,9266.12
【觀念】平均數,10528.32
【觀念】平方根的意義,14153.52
【觀念】幾何圖形初步引入,18456.72
【觀念】感覺疲勞與視覺暫留,16847.34
【觀念】應用問題與一元一次方程式,3105.9
【觀念】找出點坐標,7745.76
【觀念】折線圖的判讀,11271.4
【觀念】折線圖的繪製,22166.65
【觀念】排泄作用,10534.2
【觀念】提公因式法,10654.2
【觀念】曲面鏡,4686.3
【觀念】最簡根式與有理化,7055.64
【觀念】未分組資料求中位數,11129.04
【觀念】根式的加減法運算,7457.55
【觀念】根式的四則運算,6219.33
【觀念】根式的表示與乘法運算,8644.56
【觀念】根式的除法運算,8964
【觀念】根號的化簡,8032.5
【觀念】植物的感應,9068.48
【觀念】植物體內物質的運輸,1875.6
【觀念】植物體的運輸構造,2925.72
【觀念】檢驗及找出二元一次方程式的解,3717.04
【觀念】次數分配表：直方圖、長條圖,39343.9
【觀念】正反比的判斷,20275.35
【觀念】正比,47047.84
【觀念】正比的應用,14906.49
【觀念】比例式的運算,7494.12
【觀念】比例式的運算性質,9356.76
【觀念】比熱,929.89
【觀念】比與比值,20818.8
【觀念】氧氣的製備,2973.16
【觀念】水分的恆定,11082.96
【觀念】水溶液的組成,3620.04
【觀念】求圖形通過已知點的二元一次方程式,6758.85
【觀念】波動的基礎概念,4505.49
【觀念】液體密度的測量,5257.7
【觀念】混合物分離,4048.09
【觀念】測量方法和長度的測量,7891.36
【觀念】溫度與溫度計,2323.17
【觀念】溫標,1918.6
【觀念】溶解度,6768
【觀念】濃度,7061.8
【觀念】熱對物質的影響,1433.71
【觀念】熱平衡,4718.88
【觀念】熱的傳播方式,4637.43
【觀念】熱量,1586.1
【觀念】生物體的組成層次,13595
【觀念】生物體的組成物質,8602.48
【觀念】畢氏定理在生活中的應用,8258.56
【觀念】畢氏定理的應用：基礎,5205.72
【觀念】畢氏定理的應用：進階,4307.56
【觀念】畢氏定理的發現,8685.04
【觀念】相等的比,10216.44
【觀念】眾數與計算機的使用,14478.84
【觀念】科學方法,27051.18
【觀念】空氣的組成,3843.96
【觀念】簡單圖形及其符號,9896.43
【觀念】細胞的形態與功能,14785.2
【觀念】細胞的構造與功能,17896.32
【觀念】線對稱圖形,21283.92
【觀念】聲音的產生與傳播,2184.6
【觀念】聲速和反射,3345.97
【觀念】聲音的振幅,4007.5
【觀念】聲音的頻率和音調,2652.83
【觀念】葉子的構造,3706.5
【觀念】血糖的恆定,10224.3
【觀念】視圖的介紹與簡單形體的三視圖,7986.9
【觀念】解一元一次不等式：不等式的乘除運算性質,81369.4
【觀念】解一元一次不等式：不等式的加減運算性質,91151.22
【觀念】認識一元一次不等式,467219.72
【觀念】認識多項式,7436.34
【觀念】認識物質,8390.78
【觀念】變因的控制,6888.86
【觀念】質因數分解與標準分解式,4589.64
【觀念】質數與合數,5989.34
【觀念】質量的測量 - 上皿天平,7815.64
【觀念】質量的測量 - 懸吊式等臂天平,5290.84
【觀念】透鏡,2655.24
【觀念】透鏡的應用,1482.68
【觀念】配完全平方式,6352.16
【觀念】配方法解一元二次方程式,6435.7
【觀念】酵素,21123.52
【觀念】電腦軟體繪製統計圖表,11845.65
【觀念】顏色,4755.19
【觀念】體溫的恆定,9744.48
【觀念】體積的測量,5383.41
【解題】一元一次式的加減運算,3864.25
【解題】 一元一次式與數的乘除運算,6344
【解題】三角形與四邊形的分類,10451.7
【解題】不規則物體密度的測量,5339.87
【解題】乘方的意義與基本計算,7343.7
【解題】乘法公式應用問題,4417.8
【解題】乘法公式綜合問題,5907.6
【解題】乘法運算規則,6677.25
【解題】代數式的值,7339.6
【解題】以等量公理解方程式,3921.78
【解題】兩數乘積等於最大公因X最小公倍數,2907.29
【解題】共振,1912.56
【解題】凹透鏡成像,2652.83
【解題】分數加減的簡便運算,2025.54
【解題】分數的乘方與比較大小,2632.15
【解題】分數的加法運算律,2268.45
【解題】分數的四則運算,4854.42
【解題】分數的比較大小,2501.25
【解題】分數的約分與擴分,2677.32
【解題】分配問題,1657.5
【解題】分配問題、速率問題,6751.04
【觀念】判別11的倍數,4048.31
【解題】利用移項法則來解不等式,72601.2
【解題】原子與分子,8739.64
【解題】去括號與去分母,3306.24
【解題】含乘方的四則運算,7706.4
【解題】和差倍分問題,3468.57
【解題】四邊形的對角線與對稱軸之關係,9006.46
【解題】回聲定位的應用,1778.92
【解題】垂線與點到直線的距離,6846.06
【解題】多邊形的線對稱,17161.08
【解題】多邊形與正多邊形,5581.26
【解題】如何畫線對稱圖形,14483.59
【解題】年齡問題,1078
【解題】折射成像,3144.21
【解題】折扣問題,3544.1
【解題】指數律1：同底指數相乘與相除,3645.44
【解題】指數律2：乘方的乘方、兩數相乘的乘方,3092.25
【解題】整數的乘法1：異號相乘,9573.9
【解題】整數的乘法 2：負負得正,9603.84
【解題】整數的加法,150080.1
【解題】整數四則運算,5698
【解題】整數的減法,13176.15
【解題】 整數的除法,7102.26
【解題】數量問題,1697.85
【解題】數量問題、看錯問題,2216.62
【解題】比例式的應用問題,9824.08
【解題】溶解度,4232.71
【解題】濃度的計算,5357.3
【解題】熱平衡,2432.02
【解題】熱的傳播應用問題,3644.92
【解題】生活消費問題,2291.94
【解題】 用短除法求最大公因數,4199.76
【解題】移項法則,2201.19
【解題】立體模型的三視圖,8144.07
【解題】聲音的三要素,3439.66
【解題】聲音的基本性質,2870.53
【解題】解不等式的練習,61846
【解題】 解方程式的常見錯誤分析,3724
【解題】解的合理性,1532.42
【解題】質量數與原子序,5411.4
【解題】速率問題,1875.62
【討論】人體血液循環微觀的物質交換,1238.76
【討論】光合作用變因之探討,8586.9
【討論】動物的行為,41690.4
【討論】反應時間,4143.12
【討論】呼吸作用的觀察,12686.82
【討論】心音與脈搏的探討,2775.04
【討論】植物體運輸構造的觀察,7784.64
【討論】物質進出細胞的觀察實驗,17452.16
【討論】疫苗,9681.56
【討論】神經系統和內分泌系統會共同協調生理反應,12078.51
【討論】細胞的觀察,20315.48
【討論】複式顯微鏡的操作與觀察,12990.24
【討論】觀察小魚尾鰭的血液流動,3097.65
【討論】解剖顯微鏡的操作與觀察,24125.4
【討論】酵素的作用,10516.5
【討論】食物中醣類的測定,9856.97
